{"ambient":0.409281849861145,"music":0.4363972544670105,"effets":0.5613008141517639,"mute":false}